Reference, Quantity, Value, Footprint, Datasheet, 1b2-bom-key, MPN, Mfg, Characteristics, DNP
C1 C14 C19 C26 C27 C28 C31 C53 C76 C80 C82 C83 C86 ,13,"4u7","Capacitor_SMD:C_0603_1608Metric","https://www.mouser.com/datasheet/2/400/lcc_commercial_general_en-837201.pdf","cap-cer-0603-4u7","LMK107BJ475KAHT","Taiyo Yuden","",""
C11 C12 ,2,"9p","Capacitor_SMD:C_0402_1005Metric","https://www.mouser.com/datasheet/2/447/Yageo_UPY-AC_NP0X7R_16V-to-630V_12-1827077-1874686.pdf","cap-cer-0402-9p","AC0402CRNPO9BN9R0","Yageo","",""
C2 C3 C4 C5 C6 C7 C8 C9 C10 C13 C15 C16 C17 C18 C20 C21 C22 C23 C24 C25 C29 C30 C32 C33 C34 C35 C36 C37 C38 C39 C40 C41 C42 C43 C44 C45 C46 C47 C48 C49 C50 C51 C52 C54 C55 C56 C57 C58 C59 C60 C61 C62 C63 C64 C65 C66 C67 C68 C69 C70 C71 C72 C73 C74 C75 C77 C78 C79 C81 C84 C85 C88 C89 ,73,"u1","Capacitor_SMD:C_0402_1005Metric","https://www.mouser.com/datasheet/2/396/mlcc02_e-1307760.pdf","cap-cer-0402-100n","TMK105BJ104KV-F","Taiyo Yuden","",""
C87 ,1,"150u","Capacitor_SMD:CP_Elec_6.3x5.9","https://api.kemet.com/component-edge/download/datasheet/A765EB157M1ALAE022.pdf","cap-poly-6_3x5_7-10v-150u","A765EB157M1ALAE022","KEMET","10V",""
C90 C91 ,2,"DNP","Glasgow:C_0402_1005Metric_DNP",""
D1 D2 D3 D14 D15 ,5,"GRN","LED_SMD:LED_0603_1608Metric","https://www.mouser.com/datasheet/2/445/150060GS75000-368921.pdf","led-0603-grn","150060GS75000","Wurth Electronics","",""
D11 D12 D13 ,3,"ESD5Z5.0T1G","Glasgow:D_SOD-523","https://www.onsemi.com/pub/Collateral/ESD5Z2.5T1-D.PDF","esd-diode-sod523-esd5z5_0t1g","ESD5Z5.0T1G","ON Semiconductor","",""
D16 D17 ,2,"CDSOD323-T36S","Glasgow:D_SOD-323","https://bourns.com/docs/product-datasheets/cdsod323-txxsc.pdf","esd-diode-sod323-cdsod323-t36s","CDSOD323-T36S","Bourns","",""
D18 D19 ,2,"BAT54CW","Glasgow:SOT-323_SC-70","https://www.diodes.com/assets/Datasheets/ds30065.pdf","diode-sot323-bat54cw","BAT54CW-7-F","Diodes Inc.","",""
D20 D21 D22 D23 ,4,"SP3012-06UTG","Glasgow:UDFN-14_3.5x1.35mm_P0.5mm","https://www.littelfuse.com/~/media/electronics/datasheets/tvs_diode_arrays/littelfuse_tvs_diode_array_sp3012_datasheet.pdf.pdf","diode-14udfn-sp3012-06utg","SP3012-06UTG","Littlefuse","",""
D24 ,1,"BAT54AW","Glasgow:SOT-323_SC-70","https://www.diodes.com/assets/Datasheets/ds30065.pdf","diode-sot323-bat54aw","BAT54AW-7-F","Diodes Inc.","",""
D4 ,1,"YEL","LED_SMD:LED_0603_1608Metric","https://www.mouser.com/datasheet/2/445/150060YS75000-368983.pdf","led-0603-yel","150060YS75000","Wurth Electronics","",""
D5 ,1,"RED","LED_SMD:LED_0603_1608Metric","https://www.mouser.com/datasheet/2/445/150060RS75000-368563.pdf","led-0603-red","150060RS75000","Wurth Electronics","",""
D6 D10 ,2,"BLU","LED_SMD:LED_0603_1608Metric","https://www.mouser.com/datasheet/2/445/150060BS75000-368917.pdf","led-0603-blu","150060BS75000","Wurth Electronics","",""
D7 D9 ,2,"PNK","LED_SMD:LED_0603_1608Metric","https://lcsc.com/product-detail/Light-Emitting-Diodes-LED_OptoSupply-OSK40603C1E_C268294.html","led-0603-pnk","OSK40603C1E","Optosupply","",""
D8 ,1,"WHT","LED_SMD:LED_0603_1608Metric","https://www.mouser.com/datasheet/2/348/sml-e1-e-1139169.pdf","led-0603-wht","SMLEN3WBC8W1","ROHM Semiconductor","",""
FB1 ,1,"600R, 0.5A","Inductor_SMD:L_0402_1005Metric","https://www.mouser.com/datasheet/2/281/c51e-794816.pdf","ferrite-0402-600","BLM15PX601SZ1D","Murata Electronics","",""
J1 ,1,"USB_C_USB2.0","Glasgow:USB_C_Receptacle_HRO_TYPE-C-31-M-12","https://www.usb.org/sites/default/files/documents/usb_type-c.zip","conn-smd-usb-c-2","TYPE-C-31-M-12","Korean Hroparts Elec","",""
J10 ,1,"AUX","Connector_PinHeader_2.54mm:PinHeader_1x03_P2.54mm_Vertical","~","conn-th-01in-3-1-hdr","","","","DNP"
J2 J3 ,2,"IDC-Header_2x10_P2.54mm","Connector_IDC:IDC-Header_2x10_P2.54mm_Vertical","https://www.mouser.com/datasheet/2/276/0878342019_PCB_HEADERS-152849.pdf","conn-th-01in-10-2-hdr-shr","87834-2019","Molex","",""
J4 ,1,"Conn_01x02","Glasgow:Molex_KK-254_1x02_P2.54mm_Horizontal","https://www.mouser.hk/datasheet/2/418/NG_CD_640455_Y3-1255934.pdf","conn-th-01in-2-1-hdr-ra","22-05-3021","Molex","",""
J5 ,1,"PinHeader_2x22_P1.27mm","Glasgow:PinHeader_2x22_P1.27mm_Vertical__SMD","~","conn-smd-005in-22-2-hdr","FTS-122-01-L-DV","Samtec Inc.","",""
J6 J7 J8 J9 ,4,"Conn_01x08","Glasgow:PinSocket_1x08_P1.27mm_Vertical_DNP","~","conn-th-005in-8-1-rec","","","","DNP"
MK1 MK2 MK3 MK4 ,4,"Mounting_Hole_PAD","Glasgow:MountingHole_3.5mm_Pad_Via_CrtYd",""
R11 R23 ,2,"4k7","Resistor_SMD:R_0402_1005Metric","https://www.mouser.com/datasheet/2/447/PYu-RC_Group_51_RoHS_L_10-1527934.pdf","res-0402-4k7","RC0402FR-134K7L","Yageo","",""
R12 R13 R14 R46 R47 ,5,"20k","Resistor_SMD:R_0402_1005Metric","https://www.mouser.com/datasheet/2/447/PYu-RC_Group_51_RoHS_L_10-1527934.pdf","res-0402-20k","RC0402FR-1320KL","Yageo","",""
R1 R2 R10 R15 R41 R42 R57 R58 ,8,"2k2","Resistor_SMD:R_0402_1005Metric","https://www.mouser.com/datasheet/2/447/PYu-RC_Group_51_RoHS_L_10-1527934.pdf","res-0402-2k2","RC0402FR-132K2L","Yageo","",""
R16 R18 R19 R20 R22 R26 R36 R37 R44 R55 ,10,"10k","Resistor_SMD:R_0402_1005Metric","https://www.mouser.com/datasheet/2/447/PYu-RC_Group_51_RoHS_L_10-1527934.pdf","res-0402-10k","RC0402FR-1310KL","Yageo","",""
R21 ,1,"6k8","Resistor_SMD:R_0402_1005Metric","https://www.mouser.com/datasheet/2/447/PYu-RC_Group_51_RoHS_L_10-1527934.pdf","res-0402-6k8","RC0402FR-136K8L","Yageo","",""
R24 R25 R30 R54 R59 R60 ,6,"4R7","Resistor_SMD:R_0402_1005Metric","https://www.mouser.com/datasheet/2/447/PYu-RC_Group_51_RoHS_L_10-1527934.pdf","res-0402-4r7","RC0402FR-074R7L","Yageo","",""
R27 R33 ,2,"49k9","Resistor_SMD:R_0402_1005Metric","https://www.mouser.com/datasheet/2/447/PYu-RC_Group_51_RoHS_L_10-1527934.pdf","res-0402-49k9","RC0402FR-1349K9L","Yageo","",""
R28 R34 ,2,"59k","Resistor_SMD:R_0402_1005Metric","https://www.mouser.com/datasheet/2/447/PYu-RC_Group_51_RoHS_L_10-1527934.pdf","res-0402-59k","RC0402FR-1359KL","Yageo","",""
R29 R35 ,2,"24k3","Resistor_SMD:R_0402_1005Metric","https://www.mouser.com/datasheet/2/447/PYu-RC_Group_51_RoHS_L_10-1527934.pdf","res-0402-24k3","RC0402FR-1324K3L","Yageo","",""
R3 R4 R5 R9 R17 ,5,"100k","Resistor_SMD:R_0402_1005Metric","https://www.mouser.com/datasheet/2/447/PYu-RC_Group_51_RoHS_L_10-1527934.pdf","res-0402-100k","RC0402FR-13100KL","Yageo","",""
R31 R32 ,2,"100R","Resistor_SMD:R_0402_1005Metric","https://www.mouser.com/datasheet/2/447/PYu-RC_Group_51_RoHS_L_10-1527934.pdf","res-0402-100r","RC0402FR-13100RL","Yageo","",""
R38 R39 R43 R45 ,4,"47R","Resistor_SMD:R_0402_1005Metric","https://www.mouser.com/datasheet/2/447/PYu-RC_Group_51_RoHS_L_10-1527934.pdf","res-0402-47r","RC0402FR-1347RL","Yageo","",""
R40 ,1,"DNP","Glasgow:R_0402_1005Metric_DNP","","","","","","DNP"
R48 R49 ,2,"0R15","Resistor_SMD:R_0603_1608Metric","https://www.ohmite.com/assets/docs/res_kdv.pdf","res-0603-0r15","KDV06FR150ET","Ohmite","",""
R6 R8 R50 R51 ,4,"DNP","Glasgow:R_0603_1608Metric_DNP","","","","","","DNP"
R52 R53 ,2,"5k1","Resistor_SMD:R_0402_1005Metric","https://www.mouser.com/datasheet/2/447/PYu-RC_Group_51_RoHS_L_10-1527934.pdf","res-0402-5k1","RC0402FR-075K1L","Yageo","",""
R7 R56 ,2,"0R33","Resistor_SMD:R_0603_1608Metric","https://www.ohmite.com/assets/docs/res_kdv.pdf","res-0603-0r33","KDV06FR330ET","Ohmite","",""
RN1 RN2 RN3 RN4 RN7 RN8 RN9 RN10 ,8,"33R","Glasgow:R_Array_Convex_4x0402","https://www.mouser.com/datasheet/2/447/PYu-YC_TC_group_51_RoHS_L_7-1313905.pdf","res-0402cv-array-4-33r","YC124-JR-1333RL","Yageo","",""
RN5 RN6 RN11 RN12 ,4,"10k","Glasgow:R_Array_Convex_4x0402","https://www.mouser.com/datasheet/2/447/PYu-YC_TC_group_51_RoHS_L_7-1313905.pdf","res-0402cv-array-4-10k","YC124-JR-0710KL","Yageo","",""
SW1 ,1,"RST","Glasgow:SW_Tactile_SPST_Angled_TC-1109DE","https://datasheet.lcsc.com/szlcsc/2006061832_XKB-Connectivity-TC-1109DE-C-G_C400325.pdf","sw-tact-side-tc-1109de","TC-1109DE-X-X","XKB","",""
TP1 TP8 ,2,"5V","TestPoint:TestPoint_Pad_D1.0mm","~"
TP12 ,1,"GND","TestPoint:TestPoint_Pad_D1.0mm","~"
TP13 ,1,"VBUS","TestPoint:TestPoint_Pad_D1.0mm","~"
TP14 ,1,"USBGND","TestPoint:TestPoint_Pad_D1.0mm","~"
TP15 ,1,"USBDP","TestPoint:TestPoint_Pad_D1.0mm","~"
TP16 ,1,"USBDM","TestPoint:TestPoint_Pad_D1.0mm","~"
TP18 TP19 ,2,"VDAC","TestPoint:TestPoint_Pad_D1.0mm","~"
TP2 TP17 ,2,"1V2","TestPoint:TestPoint_Pad_D1.0mm","~"
TP4 TP10 ,2,"SDA","TestPoint:TestPoint_Pad_D1.0mm","~"
TP5 TP11 ,2,"SCL","TestPoint:TestPoint_Pad_D1.0mm","~"
TP6 ,1,"CLKREF","TestPoint:TestPoint_Pad_D1.0mm","~"
TP3 TP7 TP9 ,3,"3V3","TestPoint:TestPoint_Pad_D1.0mm","~"
U1 ,1,"CY7C68013A-56LTX","Package_DFN_QFN:Cypress_QFN-56-1EP_8x8mm_P0.5mm_EP6.22x6.22mm_ThermalVias","http://www.cypress.com/file/138911/download","ic-cy7c68013a-56ltx","CY7C68013A-56LTXC","Cypress","",""
U12 U21 ,2,"INA233","Package_SO:VSSOP-10_3x3mm_P0.5mm","https://www.ti.com/lit/ds/symlink/ina233.pdf","ic-vssop10-ina233","INA233AIDGSR","Texas Instruments","",""
U13 U20 ,2,"DAC081C081CIMK","Glasgow:SOT-23-6","http://www.ti.com/lit/ds/symlink/dac081c081.pdf","ic-sot23-6-dac081c081cimk","DAC081C081CIMK/NOPB","Texas Instruments","",""
U14 U31 ,2,"TPS73101DBV","Glasgow:SOT-23-5","http://www.ti.com/lit/ds/symlink/tps731.pdf","ic-sot23-5-tps73101dbv","TPS73101DBVR","Texas Instruments","",""
U15 ,1,"TPD3S014","Glasgow:SOT-23-6","http://www.ti.com/lit/ds/symlink/tpd3s014.pdf","ic-sot23-6-tpd3s014","TPD3S014DBVR","Texas Instruments","",""
U2 ,1,"CAT24M01X","Package_SO:TSSOP-8_4.4x3mm_P0.65mm","https://www.onsemi.com/pub/Collateral/CAT24M01-D.PDF","eeprom-tssop8-cat24m01","CAT24M01XI-T2","ON Semiconductor","",""
U3 ,1,"BL24C256A-SFRC","Package_SO:TSSOP-8_4.4x3mm_P0.65mm","https://datasheet.lcsc.com/szlcsc/1811151428_BL-Shanghai-Belling-BL24C256A-SFRC_C110276.pdf","eeprom-tssop8-bl24c256a","BL24C256A-SFRC","BL(Shanghai Belling)","",""
U30 ,1,"ICE40HX8K-BG121","Package_BGA:BGA-121_9.0x9.0mm_Layout11x11_P0.8mm_Ball0.4mm_Pad0.35mm_NSMD","http://www.latticesemi.com/Products/FPGAandCPLD/iCE40","ic-ice40hx8k-bg121","ICE40HX8K-BG121","Lattice Semiconductor Corporation","",""
U4 U6 U9 U10 U11 U16 U17 U18 U22 U23 U24 U25 U26 U27 U28 U29 U32 ,17,"SN74LVC1T45DCKR","Glasgow:SOT-363_SC-70-6","http://www.ti.com/lit/ds/symlink/sn74lvc1t45.pdf","ic-sot563-sn4lvc1t45dckr","SN74LVC1T45DCKR","Texas Instruments","",""
U36 ,1,"TLV73312PQDRVR","Glasgow:DFN-6-1EP_2x2mm_P0.65mm_EP1x1.6mm_ThermalVias","http://www.ti.com/lit/ds/symlink/tlv755p.pdf","vreg-dfn6-tlv73312pqrdvrq1","TLV73312PQDRVRQ1","Texas Instruments","",""
U5 U19 ,2,"PCA6408APW","Package_SO:TSSOP-16_4.4x5mm_P0.65mm","https://www.nxp.com/docs/en/data-sheet/PCA6408A.pdf","ic-tssop16-pca6408apw","PCA6408APW","NXP","",""
U7 ,1,"APX811-40UG-7","Package_TO_SOT_SMD:SOT-143","https://www.diodes.com/assets/Datasheets/APX811_812.pdf","ic-cat811jtbi","APX811-40UG-7","Diodes Incorporated","",""
U8 ,1,"TLV75533PDRVR","Glasgow:DFN-6-1EP_2x2mm_P0.65mm_EP1x1.6mm_ThermalVias","http://www.ti.com/lit/ds/symlink/tlv733p-q1.pdf","vreg-dfn6-tlv75533pdrvr","TLV75533PDRVR","Texas Instruments","",""
Y1 ,1,"24M","Glasgow:Crystal_SMD_3225-4Pin_3.2x2.5mm","https://datasheet.lcsc.com/szlcsc/2008211535_JWT-JF4024M00009T8188070_C709181.pdf","xtal-smd3225-24mhz-9p","JF4024M00009T8188070","JWT","9pF load",""